x,y,bx,by,bxy,a,R^2
storage,trans,1.7998010876995306e-06,1.3086009105489822e-08,-3.6051152743543076e-11,59.69559855573783,0.9947833322632341
storage,inertia,2.3370571816302163e-06,0.037113673982719364,1.096522953276946e-06,59.72065967731607,0.8917275151419647
storage,demand,-5.159549455818604e-06,-0.05954227082308101,6.997554098865655e-06,59.755041722441,0.995856437447337
trans,inertia,-3.433686238915177e-08,0.037686091532818884,-9.813384743706521e-09,59.72196516509027,0.890761973143286
trans,demand,-9.843739084075751e-08,-0.05579274374833579,6.977975940819503e-08,59.75241714006654,0.9942353202590218
inertia,demand,0.06253457139980503,-0.06806759864317574,-0.02458234527720983,59.790137533639076,0.8926674514131017
